year_month,订单数,销售额,客户数,平均客单价
2010-12,66,23381.96,58,17.74048558421851
2011-01,61,21942.33,58,14.795906945380986
2011-02,56,21665.27,54,20.342976525821598
2011-03,68,26972.05,66,19.007787174066245
2011-04,72,28892.801,72,16.510172
2011-05,96,40494.25,92,27.50968070652174
2011-06,84,48809.01,79,32.0479382797111
2011-07,69,26677.48,68,18.526027777777777
2011-08,66,40833.36,64,31.19431627196333
2011-09,84,96835.87,81,47.82018271604938
2011-10,112,44370.51,111,13.27266227938977
2011-11,174,79908.47,163,21.229667906482465
2011-12,41,25694.34,41,33.456171875
