Country,订单数,销售额,客户数,件数,销售额占比,客单价
United Kingdom,947,436736.521,732,258400,0.8295441956429604,461.1790084477297
Netherlands,5,24139.06,1,17813,0.04585010904383964,4827.812
EIRE,9,12991.14,2,7883,0.024675575005977318,1443.46
Germany,21,10417.55,20,6361,0.019787257808284647,496.0738095238095
France,19,7765.15,16,4025,0.0147492476609185,408.6921052631579
Switzerland,3,7569.4,3,3898,0.014377437041725723,2523.133333333333
Finland,4,3855.79,3,1379,0.007323747981493332,963.9475
Belgium,8,3438.43,8,1783,0.006531007853645068,429.80375
Austria,3,3206.66,3,1627,0.006090780281689461,1068.8866666666665
Channel Islands,2,2540.62,2,1273,0.0048256934627512365,1270.31
Portugal,5,2260.32,4,940,0.0042932872478866875,452.064
Singapore,1,2118.74,1,1384,0.0040243679760332335,2118.74
Spain,3,1587.6399999999999,3,749,0.0030155883088389336,529.2133333333333
Italy,5,1461.09,3,488,0.0027752172546430414,292.21799999999996
Poland,3,1325.6,2,720,0.002517865424275586,441.8666666666666
Iceland,2,967.4300000000001,1,473,0.0018375517104759582,483.71500000000003
Unspecified,1,852.68,1,654,0.0016195937612939848,852.68
Cyprus,1,739.28,1,380,0.0014042000232788586,739.28
Greece,1,680.99,1,236,0.0012934830833414537,680.99
European Community,1,676.8,1,335,0.0012855245316458332,676.8
Sweden,1,509.5,1,250,0.0009677522885247518,509.5
Norway,2,372.25,2,104,0.0007070574865619998,186.125
Malta,1,213.5,1,79,0.0004055252474976143,213.5
Canada,1,51.559999999999995,1,52,9.793387241675407e-05,51.559999999999995
