StockCode,Description,销售额,件数,订单数
22423,REGENCY CAKESTAND 3 TIER,8643.76,749,110
23243,SET OF TEA COFFEE SUGAR TINS PANTRY,8362.66,1730,26
85123A,WHITE HANGING HEART T-LIGHT HOLDER,6529.860000000001,2290,113
84879,ASSORTED COLOUR BIRD ORNAMENT,5947.12,3928,75
22720,SET OF 3 CAKE TINS PANTRY DESIGN ,4856.37,983,65
22413,METAL SIGN TAKE IT OR LEAVE IT ,4344.75,1581,26
85099B,JUMBO BAG RED RETROSPOT,4318.76,2280,90
47566,PARTY BUNTING,4313.27,953,84
22722,SET OF 6 SPICE TINS PANTRY DESIGN,4209.25,1007,33
23113,PANTRY CHOPPING BOARD,3860.0099999999998,763,4
