CustomerID,Recency,Frequency,Monetary,R_score,F_score,M_score,RFM_score,客户分群
12347,129,2,967.4300000000001,2,4,4,244,重要挽留客户
12352,80,1,366.25,3,1,3,313,新客户
12358,1,1,683.2,4,1,4,414,新客户
12362,225,1,495.24,2,1,3,213,流失客户
12370,51,1,739.28,3,1,4,314,新客户
12377,354,1,1001.52,1,1,4,114,流失客户
12379,169,1,459.84,2,1,3,213,流失客户
12381,59,1,6.0,3,1,1,311,新客户
12394,217,1,381.08,2,1,3,213,流失客户
12395,31,1,263.08,4,1,2,412,新客户
12397,135,1,1214.81,2,1,4,214,流失客户
12399,183,1,130.08,2,1,1,211,流失客户
12401,303,1,84.3,1,1,1,111,流失客户
12409,182,1,6207.08,2,1,4,214,流失客户
12413,236,1,84.65,1,1,1,111,流失客户
12417,281,1,410.0,1,1,3,113,流失客户
12428,283,1,1943.4,1,1,4,114,流失客户
12437,331,1,392.7,1,1,3,113,流失客户
12468,187,1,508.95000000000005,2,1,3,213,流失客户
12474,59,1,522.36,3,1,3,313,新客户
12476,25,1,243.53,4,1,2,412,新客户
12478,3,1,680.99,4,1,4,414,新客户
12494,196,1,403.09000000000003,2,1,3,213,流失客户
12497,81,1,1043.1,3,1,4,314,新客户
12500,23,1,617.04,4,1,4,414,新客户
12502,217,1,522.6,2,1,3,213,流失客户
12520,273,1,987.42,1,1,4,114,流失客户
12523,268,1,115.09,1,1,1,111,流失客户
12526,53,1,519.28,3,1,3,313,新客户
12541,29,1,445.03999999999996,4,1,3,413,新客户
12553,280,1,317.25,1,1,2,112,流失客户
12557,371,1,620.0,1,1,4,114,流失客户
12567,184,1,286.34000000000003,2,1,2,212,流失客户
12569,107,1,96.75,3,1,1,311,新客户
12572,8,1,487.68,4,1,3,413,新客户
12583,18,2,819.68,4,4,4,444,重要价值客户
12584,17,3,770.0,4,4,4,444,重要价值客户
12592,213,1,231.8,2,1,2,212,流失客户
12594,294,1,256.0,1,1,2,112,流失客户
12610,45,1,435.09,3,1,3,313,新客户
12617,29,1,352.98,4,1,3,413,新客户
12619,77,1,473.11999999999995,3,1,3,313,新客户
12621,81,1,402.7,3,1,3,313,新客户
12625,319,1,1716.62,1,1,4,114,流失客户
12626,112,1,463.26,3,1,3,313,新客户
12633,58,1,215.23000000000002,3,1,2,312,新客户
12645,219,1,429.6,2,1,3,213,流失客户
12647,369,1,85.5,1,1,1,111,流失客户
12656,233,1,541.2,2,1,3,213,流失客户
12657,11,1,491.12,4,1,3,413,新客户
12664,7,2,1551.58,4,4,4,444,重要价值客户
12670,10,1,696.12,4,1,4,414,新客户
12676,311,1,509.5,1,1,3,113,流失客户
12681,30,1,718.99,4,1,4,414,新客户
12682,29,2,1145.94,4,4,4,444,重要价值客户
12685,28,2,702.34,4,4,4,444,重要价值客户
12695,107,1,244.65,3,1,2,312,新客户
12704,127,1,360.81,2,1,3,213,流失客户
12708,29,2,400.37,4,4,3,443,重要价值客户
12710,201,1,718.96,2,1,4,214,流失客户
12729,113,1,453.01,3,1,3,313,新客户
12744,248,1,2118.74,1,1,4,114,流失客户
12747,361,1,347.71,1,1,3,113,流失客户
12748,23,11,3198.36,4,4,4,444,重要价值客户
12757,15,1,340.7,4,1,3,413,新客户
12762,25,1,461.59,4,1,3,413,新客户
12766,3,1,718.4300000000001,4,1,4,414,新客户
12779,37,2,1006.95,4,4,4,444,重要价值客户
12783,2,2,739.6,4,4,4,444,重要价值客户
12816,176,1,318.65000000000003,2,1,2,212,流失客户
12818,261,1,1542.08,1,1,4,114,流失客户
12820,44,1,343.76,3,1,3,313,新客户
12828,2,1,83.62,4,1,1,411,新客户
12830,156,1,647.9200000000001,2,1,4,214,流失客户
12839,24,2,896.22,4,4,4,444,重要价值客户
12840,214,1,723.9,2,1,4,214,流失客户
12842,308,1,310.73,1,1,2,112,流失客户
12849,31,1,341.44,4,1,3,413,新客户
12853,134,2,1027.3,2,4,4,244,重要挽留客户
12865,123,1,981.38,3,1,4,314,新客户
12883,24,1,162.82,4,1,1,411,新客户
12901,163,1,259.98,2,1,2,212,流失客户
12909,253,1,624.8,1,1,4,114,流失客户
12913,301,1,313.8,1,1,2,112,流失客户
12921,184,1,477.68,2,1,3,213,流失客户
12931,101,3,19160.68,3,4,4,344,重要价值客户
12950,24,1,311.6,4,1,2,412,新客户
12951,330,1,188.69,1,1,2,112,流失客户
12955,1,1,346.91999999999996,4,1,3,413,新客户
12968,112,1,135.95,3,1,1,311,新客户
12971,17,3,465.96,4,4,3,443,重要价值客户
12980,157,3,2805.2400000000002,2,4,4,244,重要挽留客户
12985,28,1,754.38,4,1,4,414,新客户
12991,23,1,200.2,4,1,2,412,新客户
12999,196,1,76.5,2,1,1,211,流失客户
13001,264,1,499.84000000000003,1,1,3,113,流失客户
13004,133,2,324.24,2,4,2,242,一般客户
13012,21,2,300.3,4,4,2,442,重要保持客户
13013,1,1,295.1,4,1,2,412,新客户
13018,26,3,155.51999999999998,4,4,1,441,重要保持客户
13026,275,1,84.36,1,1,1,111,流失客户
13028,22,1,305.38,4,1,2,412,新客户
13030,11,1,350.08,4,1,3,413,新客户
13035,260,1,333.0,1,1,3,113,流失客户
13038,290,1,395.1,1,1,3,113,流失客户
13052,212,1,348.15000000000003,2,1,3,213,流失客户
13058,58,2,137.70000000000002,3,4,1,341,重要保持客户
13069,369,1,326.6,1,1,2,112,流失客户
13082,254,1,435.0,1,1,3,113,流失客户
13083,4,1,111.36,4,1,1,411,新客户
13089,16,9,3815.09,4,4,4,444,重要价值客户
13094,208,1,205.74,2,1,2,212,流失客户
13097,32,1,531.14,4,1,3,413,新客户
13103,39,1,243.94,4,1,2,412,新客户
13104,46,1,180.0,3,1,1,311,新客户
13113,308,1,755.05,1,1,4,114,流失客户
13117,277,1,90.6,1,1,1,111,流失客户
13122,240,1,903.67,1,1,4,114,流失客户
13137,103,1,290.86,3,1,2,312,新客户
13158,318,1,256.40999999999997,1,1,2,112,流失客户
13183,86,1,690.6000000000001,3,1,4,314,新客户
13184,234,1,185.08,1,1,1,111,流失客户
13196,84,1,1074.82,3,1,4,314,新客户
13199,18,3,960.72,4,4,4,444,重要价值客户
13211,10,1,310.78,4,1,2,412,新客户
13225,196,1,537.0,2,1,3,213,流失客户
13232,98,2,344.15,3,4,3,343,重要价值客户
13246,330,1,332.17,1,1,3,113,流失客户
13263,127,1,167.32,2,1,1,211,流失客户
13268,253,1,441.37,1,1,3,113,流失客户
13285,289,1,666.89,1,1,4,114,流失客户
13292,38,1,329.37,4,1,2,412,新客户
13307,119,1,15.0,3,1,1,311,新客户
13317,66,1,959.7,3,1,4,314,新客户
13319,91,3,1588.43,3,4,4,344,重要价值客户
13327,112,1,382.3,3,1,3,313,新客户
13368,256,1,588.0,1,1,3,113,流失客户
13381,31,1,657.08,4,1,4,414,新客户
13391,203,1,59.8,2,1,1,211,流失客户
13408,128,2,583.62,2,4,3,243,重要挽留客户
13418,359,1,15.8,1,1,1,111,流失客户
13419,63,1,221.06,3,1,2,312,新客户
13425,168,1,773.08,2,1,4,214,流失客户
13426,238,1,339.2,1,1,3,113,流失客户
13434,96,1,72.84,3,1,1,311,新客户
13448,373,1,17.4,1,1,1,111,流失客户
13450,26,1,316.44,4,1,2,412,新客户
13458,214,2,1932.84,2,4,4,244,重要挽留客户
13461,138,1,307.8,2,1,2,212,流失客户
13468,38,3,306.65,4,4,2,442,重要保持客户
13475,298,1,317.12,1,1,2,112,流失客户
13477,37,1,90.96,4,1,1,411,新客户
13488,144,2,1509.07,2,4,4,244,重要挽留客户
13491,280,2,302.57,1,4,2,142,一般客户
13492,161,1,360.8,2,1,3,213,流失客户
13506,316,1,157.4,1,1,1,111,流失客户
13509,273,1,127.2,1,1,1,111,流失客户
13516,238,1,146.0,1,1,1,111,流失客户
13529,204,1,181.1,2,1,1,211,流失客户
13534,2,4,1071.2,4,4,4,444,重要价值客户
13546,12,1,208.71,4,1,2,412,新客户
13548,96,1,397.15,3,1,3,313,新客户
13576,29,1,543.36,4,1,3,413,新客户
13584,306,1,142.4,1,1,1,111,流失客户
13591,204,1,314.03,2,1,2,212,流失客户
13599,1,3,782.5600000000001,4,4,4,444,重要价值客户
13629,239,1,642.0,1,1,4,114,流失客户
13631,206,1,100.0,2,1,1,211,流失客户
13637,52,1,125.65,3,1,1,311,新客户
13643,98,1,171.5,3,1,1,311,新客户
13655,241,1,383.65,1,1,3,113,流失客户
13658,203,1,933.3,2,1,4,214,流失客户
13666,287,1,43.650000000000006,1,1,1,111,流失客户
13668,334,1,208.56,1,1,2,112,流失客户
13694,3,2,2067.12,4,4,4,444,重要价值客户
13706,302,1,330.79,1,1,3,113,流失客户
13709,36,1,216.99,4,1,2,412,新客户
13715,372,1,272.65000000000003,1,1,2,112,流失客户
13717,56,1,301.53999999999996,3,1,2,312,新客户
13722,282,1,1463.47,1,1,4,114,流失客户
13727,33,1,223.08,4,1,2,412,新客户
13735,24,1,483.99,4,1,3,413,新客户
13741,71,2,468.26,3,4,3,343,重要价值客户
13742,162,2,372.42,2,4,3,243,重要挽留客户
13748,95,1,335.8,3,1,3,313,新客户
13752,246,1,277.6,1,1,2,112,流失客户
13753,287,1,741.26,1,1,4,114,流失客户
13767,81,3,1588.4,3,4,4,344,重要价值客户
13777,24,3,6664.6,4,4,4,444,重要价值客户
13782,327,1,191.94,1,1,2,112,流失客户
13798,88,5,2167.88,3,4,4,344,重要价值客户
13817,28,1,254.28,4,1,2,412,新客户
13819,319,1,408.3,1,1,3,113,流失客户
13838,369,1,230.66,1,1,2,112,流失客户
13851,287,1,246.32,1,1,2,112,流失客户
13854,23,2,612.6800000000001,4,4,3,443,重要价值客户
13873,119,1,159.20000000000002,3,1,1,311,新客户
13875,133,1,356.92,2,1,3,213,流失客户
13881,242,1,309.88,1,1,2,112,流失客户
13882,11,1,265.24,4,1,2,412,新客户
13888,119,1,366.11,3,1,3,313,新客户
13914,11,2,626.45,4,4,4,444,重要价值客户
13923,53,1,351.13,3,1,3,313,新客户
13930,57,1,127.33999999999999,3,1,1,311,新客户
13941,297,1,1023.84,1,1,4,114,流失客户
13949,94,1,537.9,3,1,3,313,新客户
13952,238,1,2042.761,1,1,4,114,流失客户
13969,126,3,1043.02,2,4,4,244,重要挽留客户
13975,31,1,722.07,4,1,4,414,新客户
13983,268,1,290.0,1,1,2,112,流失客户
13985,14,1,721.34,4,1,4,414,新客户
13991,12,1,167.96,4,1,1,411,新客户
13994,67,1,769.11,3,1,4,314,新客户
13999,254,1,301.48,1,1,2,112,流失客户
14005,9,1,1897.04,4,1,4,414,新客户
14015,52,1,917.34,3,1,4,314,新客户
14019,98,1,416.24,3,1,3,313,新客户
14029,143,1,165.20000000000002,2,1,1,211,流失客户
14040,215,1,353.33,2,1,3,213,流失客户
14051,173,2,1201.38,2,4,4,244,重要挽留客户
14056,158,1,653.68,2,1,4,214,流失客户
14057,100,1,386.64,3,1,3,313,新客户
14060,372,1,339.84,1,1,3,113,流失客户
14062,9,1,1239.38,4,1,4,414,新客户
14064,29,2,422.46,4,4,3,443,重要价值客户
14073,32,1,151.04,4,1,1,411,新客户
14083,273,1,14.399999999999999,1,1,1,111,流失客户
14092,236,3,913.11,1,4,4,144,重要挽留客户
14096,67,1,2900.99,3,1,4,314,新客户
14099,65,2,766.99,3,4,4,344,重要价值客户
14102,44,1,214.1,3,1,2,312,新客户
14107,364,1,363.24,1,1,3,113,流失客户
14110,119,1,860.98,3,1,4,314,新客户
14112,40,2,1518.55,3,4,4,344,重要价值客户
14125,78,1,1295.43,3,1,4,314,新客户
14132,35,1,308.15999999999997,4,1,2,412,新客户
14138,1,1,344.17,4,1,3,413,新客户
14141,59,1,199.47000000000003,3,1,2,312,新客户
14143,133,1,115.8,2,1,1,211,流失客户
14156,95,2,8293.86,3,4,4,344,重要价值客户
14159,187,1,455.93,2,1,3,213,流失客户
14189,200,1,306.34000000000003,2,1,2,212,流失客户
14191,133,1,417.94,2,1,3,213,流失客户
14204,2,1,150.61,4,1,1,411,新客户
14208,94,1,151.74,3,1,1,311,新客户
14210,371,1,304.95000000000005,1,1,2,112,流失客户
14215,368,1,166.0,1,1,1,111,流失客户
14217,40,2,256.82,3,4,2,342,重要保持客户
14224,110,1,149.48,3,1,1,311,新客户
14227,26,2,400.06,4,4,3,443,重要价值客户
14239,71,1,338.5,3,1,3,313,新客户
14257,184,2,1030.59,2,4,4,244,重要挽留客户
14258,9,1,1371.6,4,2,4,424,新客户
14259,141,1,120.0,2,2,1,221,一般客户
14273,51,1,109.92,3,2,1,321,新客户
14285,75,1,1247.53,3,2,4,324,新客户
14293,3,1,307.15000000000003,4,2,2,422,新客户
14298,141,2,1114.06,2,4,4,244,重要挽留客户
14299,8,1,289.52,4,2,2,422,新客户
14309,93,1,323.68,3,2,2,322,新客户
14329,17,1,351.95,4,2,3,423,新客户
14331,124,1,79.0,3,2,1,321,新客户
14334,16,1,223.5,4,2,2,422,新客户
14336,219,1,230.03,2,2,2,222,一般客户
14338,161,1,8.25,2,2,1,221,一般客户
14342,210,1,309.6,2,2,2,222,一般客户
14351,164,1,51.0,2,2,1,221,一般客户
14360,67,1,624.91,3,2,4,324,新客户
14362,22,1,151.5,4,2,1,421,新客户
14390,37,1,564.41,4,2,3,423,新客户
14395,245,1,188.13,1,2,2,122,一般客户
14396,65,1,377.64,3,2,3,323,新客户
14401,162,1,316.7,2,2,2,222,一般客户
14412,72,1,462.45,3,2,3,323,新客户
14415,160,1,215.75,2,2,2,222,一般客户
14419,38,2,356.75,4,4,3,443,重要价值客户
14426,32,1,324.7,4,2,2,422,新客户
14427,63,1,321.74,3,2,2,322,新客户
14432,68,1,306.73,3,2,2,322,新客户
14448,9,1,273.0,4,2,2,422,新客户
14460,310,1,30.0,1,2,1,121,一般客户
14477,184,1,358.0,2,2,3,223,一般客户
14494,25,1,139.56,4,2,1,421,新客户
14502,234,2,508.3,1,4,3,143,重要挽留客户
14505,362,1,1038.6,1,2,4,124,一般客户
14515,22,1,533.69,4,2,3,423,新客户
14517,141,1,252.45,2,2,2,222,一般客户
14518,64,1,174.37,3,2,1,321,新客户
14524,71,2,341.18,3,4,3,343,重要价值客户
14527,12,2,331.08,4,4,3,443,重要价值客户
14539,44,1,72.13,3,2,1,321,新客户
14541,168,1,301.9,2,2,2,222,一般客户
14542,185,1,103.25,2,2,1,221,一般客户
14543,171,2,347.25,2,4,3,243,重要挽留客户
14546,248,1,561.29,1,2,3,123,一般客户
14560,28,2,125.88,4,4,1,441,重要保持客户
14562,3,1,61.199999999999996,4,2,1,421,新客户
14570,280,2,218.06,1,4,2,142,一般客户
14572,110,1,589.15,3,2,3,323,新客户
14584,196,1,254.42000000000002,2,2,2,222,一般客户
14587,18,2,306.01,4,4,2,442,重要保持客户
14595,313,1,163.8,1,2,1,121,一般客户
14606,9,7,827.35,4,4,4,444,重要价值客户
14607,46,1,1048.0,3,2,4,324,新客户
14623,235,1,192.68,1,2,2,122,一般客户
14646,81,5,24139.06,3,4,4,344,重要价值客户
14667,25,3,767.72,4,4,4,444,重要价值客户
14676,31,2,857.32,4,4,4,444,重要价值客户
14688,52,1,283.33,3,2,2,322,新客户
14696,325,1,293.63,1,2,2,122,一般客户
14702,7,1,130.29,4,2,1,421,新客户
14703,14,1,318.17,4,2,2,422,新客户
14710,19,2,371.76,4,4,3,443,重要价值客户
14711,219,1,288.75,2,2,2,222,一般客户
14714,24,1,160.19,4,2,1,421,新客户
14715,298,1,109.5,1,2,1,121,一般客户
14731,205,1,123.36,2,2,1,221,一般客户
14733,332,1,1578.31,1,2,4,124,一般客户
14735,196,3,561.2,2,4,3,243,重要挽留客户
14738,198,1,17.4,2,2,1,221,一般客户
14739,94,1,939.96,3,2,4,324,新客户
14744,59,1,83.75,3,2,1,321,新客户
14754,295,1,228.26999999999998,1,2,2,122,一般客户
14758,144,2,501.59,2,4,3,243,重要挽留客户
14759,232,1,572.25,2,2,3,223,一般客户
14766,256,1,628.66,1,2,4,124,一般客户
14770,232,2,876.42,2,4,4,244,重要挽留客户
14775,58,1,310.44,3,2,2,322,新客户
14776,233,1,301.68,2,2,2,222,一般客户
14788,6,1,310.99,4,2,2,422,新客户
14800,222,1,796.26,2,2,4,224,一般客户
14805,313,1,109.25,1,2,1,121,一般客户
14808,39,2,964.24,4,4,4,444,重要价值客户
14816,197,1,271.85,2,2,2,222,一般客户
14817,200,1,529.5500000000001,2,2,3,223,一般客户
14834,120,1,185.61,3,2,2,322,新客户
14836,9,1,23.4,4,2,1,421,新客户
14844,63,1,932.13,3,2,4,324,新客户
14856,36,1,10.2,4,2,1,421,新客户
14859,12,1,38.2,4,2,1,421,新客户
14880,185,1,218.47,2,2,2,222,一般客户
14895,182,2,809.98,2,4,4,244,重要挽留客户
14898,326,1,157.2,1,2,1,121,一般客户
14901,73,1,142.38,3,2,1,321,新客户
14907,360,1,17.4,1,2,1,121,一般客户
14911,15,7,4697.28,4,4,4,444,重要价值客户
14930,274,1,1104.13,1,2,4,124,一般客户
14936,108,1,1436.49,3,2,4,324,新客户
14944,77,1,1308.8200000000002,3,2,4,324,新客户
14958,147,2,302.09999999999997,2,4,2,242,一般客户
14961,297,1,920.33,1,2,4,124,一般客户
15005,140,4,929.18,2,4,4,244,重要挽留客户
15006,51,1,480.38,3,2,3,323,新客户
15023,42,1,695.03,3,2,4,324,新客户
15024,112,1,80.43,3,2,1,321,新客户
15028,8,1,114.7,4,2,1,421,新客户
15033,53,1,343.43,3,2,3,323,新客户
15034,232,1,199.75,2,2,2,222,一般客户
15038,243,1,157.6,1,2,1,121,一般客户
15039,277,2,1382.11,1,4,4,144,重要挽留客户
15044,352,1,23.8,1,2,1,121,一般客户
15046,285,1,109.85,1,2,1,121,一般客户
15058,49,2,372.13,3,4,3,343,重要价值客户
15059,107,1,103.47,3,2,1,321,新客户
15060,8,1,16.61,4,2,1,421,新客户
15061,211,4,5144.860000000001,2,4,4,244,重要挽留客户
15100,333,1,175.2,1,2,1,121,一般客户
15107,332,1,8.5,1,2,1,121,一般客户
15108,141,1,676.8,2,2,4,224,一般客户
15110,23,1,315.7,4,2,2,422,新客户
15111,28,1,329.68,4,2,2,422,新客户
15113,9,1,1288.6399999999999,4,2,4,424,新客户
15114,93,1,324.96,3,2,2,322,新客户
15117,120,1,363.33,3,2,3,323,新客户
15122,203,2,930.61,2,4,4,244,重要挽留客户
15123,7,1,1129.84,4,2,4,424,新客户
15129,126,2,509.7,2,4,3,243,重要挽留客户
15136,21,1,446.90000000000003,4,2,3,423,新客户
15144,58,1,416.6,3,2,3,323,新客户
15150,33,1,102.84,4,2,1,421,新客户
15152,49,4,1252.82,3,4,4,344,重要价值客户
15159,50,3,4012.4700000000003,3,4,4,344,重要价值客户
15160,357,1,158.16,1,2,1,121,一般客户
15181,175,1,135.0,2,2,1,221,一般客户
15182,154,1,252.37,2,2,2,222,一般客户
15184,190,1,235.23000000000002,2,2,2,222,一般客户
15187,70,2,402.6,3,4,3,343,重要价值客户
15189,8,4,1705.92,4,4,4,444,重要价值客户
15194,170,1,406.33,2,2,3,223,一般客户
15195,2,1,3861.0,4,2,4,424,新客户
15205,84,1,176.94,3,2,1,321,新客户
15206,99,1,183.6,3,2,1,321,新客户
15214,38,2,488.32,4,4,3,443,重要价值客户
15218,137,1,298.2,2,2,2,222,一般客户
15219,175,1,305.75,2,2,2,222,一般客户
15228,129,1,970.58,2,2,4,224,一般客户
15235,338,1,112.65,1,2,1,121,一般客户
15240,241,1,316.2,1,2,2,122,一般客户
15241,126,1,74.4,2,2,1,221,一般客户
15245,133,1,778.12,2,2,4,224,一般客户
15253,16,1,256.8,4,2,2,422,新客户
15260,142,1,345.14,2,2,3,223,一般客户
15262,323,1,178.95000000000002,1,2,1,121,一般客户
15279,354,1,290.51,1,2,2,122,一般客户
15290,4,3,1584.98,4,4,4,444,重要价值客户
15296,212,1,578.48,2,2,3,223,一般客户
15299,371,1,527.85,1,2,3,123,一般客户
15304,281,1,105.45,1,2,1,121,一般客户
15311,35,6,2343.16,4,4,4,444,重要价值客户
15329,134,1,444.90000000000003,2,2,3,223,一般客户
15330,31,2,714.96,4,4,4,444,重要价值客户
15339,318,1,257.9,1,2,2,122,一般客户
15342,129,1,406.09,2,2,3,223,一般客户
15351,65,1,141.35,3,2,1,321,新客户
15358,338,1,653.86,1,2,4,124,一般客户
15382,84,1,2582.78,3,2,4,324,新客户
15386,186,1,394.14,2,2,3,223,一般客户
15395,325,1,107.45,1,2,1,121,一般客户
15407,222,1,164.86,2,2,1,221,一般客户
15411,124,1,225.81,3,2,2,322,新客户
15424,254,1,193.5,1,2,2,122,一般客户
15433,213,1,160.66,2,2,1,221,一般客户
15436,233,1,484.1,2,2,3,223,一般客户
15440,208,1,125.8,2,2,1,221,一般客户
15453,35,1,348.33,4,2,3,423,新客户
15460,354,1,214.26,1,2,2,122,一般客户
15465,61,3,1078.1999999999998,3,4,4,344,重要价值客户
15467,9,1,122.32,4,2,1,421,新客户
15482,35,1,1915.6,4,2,4,424,新客户
15483,161,1,69.02,2,2,1,221,一般客户
15484,56,1,394.16,3,2,3,323,新客户
15491,235,1,837.97,1,2,4,124,一般客户
15498,120,1,337.5,3,2,3,323,新客户
15502,66,2,338.9,3,4,3,343,重要价值客户
15514,33,1,545.25,4,2,3,423,新客户
15521,248,1,505.0,1,2,3,123,一般客户
15522,32,1,138.94,4,2,1,421,新客户
15529,87,1,811.24,3,2,4,324,新客户
15530,149,1,177.85,2,2,1,221,一般客户
15544,210,1,560.35,2,2,3,223,一般客户
15549,77,1,61.58,3,2,1,321,新客户
15557,28,1,468.91,4,2,3,423,新客户
15561,149,1,178.82,2,2,1,221,一般客户
15574,358,2,559.79,1,4,3,143,重要挽留客户
15579,313,1,195.35,1,2,2,122,一般客户
15581,353,1,9.2,1,2,1,121,一般客户
15584,161,1,150.4,2,2,1,221,一般客户
15602,200,1,138.2,2,2,1,221,一般客户
15606,297,1,303.57,1,2,2,122,一般客户
15607,336,1,104.76,1,2,1,121,一般客户
15615,183,2,1111.01,2,4,4,244,重要挽留客户
15630,45,1,789.49,3,2,4,324,新客户
15634,17,1,243.55,4,2,2,422,新客户
15651,260,1,227.32,1,2,2,122,一般客户
15654,9,1,327.51,4,2,2,422,新客户
15657,22,1,30.0,4,2,1,421,新客户
15660,135,2,151.85999999999999,2,4,1,241,一般客户
15668,217,1,76.32000000000001,2,2,1,221,一般客户
15671,94,1,638.4000000000001,3,2,4,324,新客户
15691,252,1,136.8,1,2,1,121,一般客户
15694,176,1,304.08000000000004,2,2,2,222,一般客户
15704,140,1,748.14,2,2,4,224,一般客户
15708,138,2,829.38,2,4,4,244,重要挽留客户
15719,126,3,959.4300000000001,2,4,4,244,重要挽留客户
15724,201,2,218.25,2,4,2,242,一般客户
15727,143,1,470.95,2,2,3,223,一般客户
15738,42,1,335.55,3,2,3,323,新客户
15752,115,1,330.07,3,2,3,323,新客户
15755,294,1,314.68,1,2,2,122,一般客户
15769,30,2,2154.0,4,4,4,444,重要价值客户
15797,213,1,330.0,2,2,2,222,一般客户
15806,46,1,262.7,3,2,2,322,新客户
15807,77,1,635.6,3,2,4,324,新客户
15809,35,1,116.56,4,2,1,421,新客户
15835,137,1,187.20000000000002,2,2,2,222,一般客户
15838,218,2,764.6999999999999,2,4,4,244,重要挽留客户
15856,365,1,1571.32,1,2,4,124,一般客户
15857,18,1,297.0,4,2,2,422,新客户
15862,8,2,341.87,4,4,3,443,重要价值客户
15867,143,1,566.13,2,2,3,223,一般客户
15869,276,1,61.589999999999996,1,2,1,121,一般客户
15872,14,1,2.1,4,2,1,421,新客户
15886,60,1,181.09,3,2,1,321,新客户
15903,227,1,480.36,2,2,3,223,一般客户
15938,248,1,105.0,1,2,1,121,一般客户
15939,311,1,354.24000000000007,1,2,3,123,一般客户
15955,203,1,381.45000000000005,2,2,3,223,一般客户
15980,254,1,760.18,1,2,4,124,一般客户
15981,210,1,231.4,2,2,2,222,一般客户
15985,236,1,899.58,1,2,4,124,一般客户
15993,43,1,421.59,3,2,3,323,新客户
16005,270,1,154.92000000000002,1,2,1,121,一般客户
16007,180,1,363.7,2,2,3,223,一般客户
16008,204,1,139.15,2,2,1,221,一般客户
16013,301,1,382.5,1,2,3,123,一般客户
16015,26,1,200.67999999999998,4,2,2,422,新客户
16018,180,1,161.9,2,2,1,221,一般客户
16023,45,1,219.12,3,2,2,322,新客户
16027,176,1,108.7,2,2,1,221,一般客户
16029,126,2,2110.4,2,4,4,244,重要挽留客户
16033,137,3,1148.88,2,4,4,244,重要挽留客户
16036,87,1,570.19,3,2,3,323,新客户
16042,57,1,43.800000000000004,3,2,1,321,新客户
16080,81,1,86.9,3,3,1,331,重要保持客户
16093,106,1,17.0,3,3,1,331,重要保持客户
16102,128,1,839.76,2,3,4,234,重要挽留客户
16110,45,1,642.77,3,3,4,334,重要价值客户
16112,155,1,23.04,2,3,1,231,一般客户
16120,59,1,75.60000000000001,3,3,1,331,重要保持客户
16122,112,1,300.42,3,3,2,332,重要保持客户
16126,296,1,891.35,1,3,4,134,重要挽留客户
16133,7,4,3441.55,4,4,4,444,重要价值客户
16136,277,1,159.3,1,3,1,131,一般客户
16144,246,1,175.2,1,3,1,131,一般客户
16153,354,1,215.01,1,3,2,132,一般客户
16160,65,1,223.49999999999997,3,3,2,332,重要保持客户
16161,210,1,386.55,2,3,3,233,重要挽留客户
16164,24,1,242.22000000000003,4,3,2,432,重要保持客户
16168,94,1,185.0,3,3,1,331,重要保持客户
16180,252,1,413.88,1,3,3,133,重要挽留客户
16191,301,1,514.56,1,3,3,133,重要挽留客户
16204,23,1,384.18,4,3,3,433,重要价值客户
16208,44,1,166.67,3,3,1,331,重要保持客户
16210,9,1,788.46,4,3,4,434,重要价值客户
16224,56,1,429.42,3,3,3,333,重要价值客户
16233,329,1,179.10000000000002,1,3,1,131,一般客户
16235,40,1,192.01999999999998,3,3,2,332,重要保持客户
16241,96,1,242.61,3,3,2,332,重要保持客户
16242,32,1,827.42,4,3,4,434,重要价值客户
16249,201,1,205.7,2,3,2,232,一般客户
16255,246,1,168.46,1,3,1,131,一般客户
16265,110,1,435.98,3,3,3,333,重要价值客户
16271,15,1,521.21,4,3,3,433,重要价值客户
16279,21,1,778.6,4,3,4,434,重要价值客户
16306,336,1,175.15,1,3,1,131,一般客户
16320,213,1,852.68,2,3,4,234,重要挽留客户
16324,128,1,3.95,2,3,1,231,一般客户
16327,270,1,582.35,1,3,3,133,重要挽留客户
16332,130,1,221.5,2,3,2,232,一般客户
16342,75,1,38.7,3,3,1,331,重要保持客户
16347,11,1,410.66,4,3,3,433,重要价值客户
16348,240,1,152.69,1,3,1,131,一般客户
16353,142,3,902.4300000000001,2,4,4,244,重要挽留客户
16360,38,2,758.92,4,4,4,444,重要价值客户
16387,322,1,94.36,1,3,1,131,一般客户
16394,171,1,313.8,2,3,2,232,一般客户
16407,110,1,410.81,3,3,3,333,重要价值客户
16412,53,1,135.99,3,3,1,331,重要保持客户
16415,44,1,200.27,3,3,2,332,重要保持客户
16419,168,1,170.51,2,3,1,231,一般客户
16422,59,8,4232.66,3,4,4,344,重要价值客户
16449,197,1,291.0,2,3,2,232,一般客户
16466,292,1,109.12,1,3,1,131,一般客户
16474,50,1,339.1,3,3,3,333,重要价值客户
16480,75,1,769.29,3,3,4,334,重要价值客户
16499,364,1,218.10000000000002,1,3,2,132,一般客户
16523,256,1,374.7,1,3,3,133,重要挽留客户
16531,74,1,204.89999999999998,3,3,2,332,重要保持客户
16533,54,1,610.89,3,3,3,333,重要价值客户
16549,18,1,249.0,4,3,2,432,重要保持客户
16553,274,2,1527.34,1,4,4,144,重要挽留客户
16555,35,1,133.91,4,3,1,431,重要保持客户
16558,175,1,305.18,2,3,2,232,一般客户
16560,358,1,332.18,1,3,3,133,重要挽留客户
16589,161,1,117.68,2,3,1,231,一般客户
16593,189,1,185.9,2,3,2,232,一般客户
16614,182,1,506.19,2,3,3,233,重要挽留客户
16618,210,2,371.61,2,4,3,243,重要挽留客户
16621,215,2,490.7,2,4,3,243,重要挽留客户
16629,96,1,227.68,3,3,2,332,重要保持客户
16644,177,1,111.37,2,3,1,231,一般客户
16652,240,1,25.5,1,3,1,131,一般客户
16655,75,1,1039.01,3,3,4,334,重要价值客户
16656,192,3,1760.8400000000001,2,4,4,244,重要挽留客户
16668,182,1,74.16,2,3,1,231,一般客户
16678,197,1,301.35,2,3,2,232,一般客户
16679,366,1,129.75,1,3,1,131,一般客户
16681,72,1,20.16,3,3,1,331,重要保持客户
16682,158,1,100.8,2,3,1,231,一般客户
16684,4,2,5838.84,4,4,4,444,重要价值客户
16693,68,1,324.45,3,3,2,332,重要保持客户
16700,80,1,327.67,3,3,2,332,重要保持客户
16701,257,1,353.3,1,3,3,133,重要挽留客户
16712,212,1,66.14,2,3,1,231,一般客户
16713,115,1,369.33,3,3,3,333,重要价值客户
16716,311,1,734.4000000000001,1,3,4,134,重要挽留客户
16717,31,2,726.66,4,4,4,444,重要价值客户
16722,155,1,311.46,2,3,2,232,一般客户
16735,78,1,306.26,3,3,2,332,重要保持客户
16743,211,1,270.69,2,3,2,232,一般客户
16745,119,1,311.20000000000005,3,3,2,332,重要保持客户
16752,372,1,207.5,1,3,2,132,一般客户
16767,182,2,812.34,2,4,4,244,重要挽留客户
16770,57,1,107.72,3,3,1,331,重要保持客户
16771,310,1,650.76,1,3,4,134,重要挽留客户
16775,57,1,204.28,3,3,2,332,重要保持客户
16779,149,2,1160.1,2,4,4,244,重要挽留客户
16780,258,1,161.89,1,3,1,131,一般客户
16790,32,1,177.3,4,3,1,431,重要保持客户
16791,263,1,151.9,1,3,1,131,一般客户
16794,180,1,253.29,2,3,2,232,一般客户
16804,22,1,411.98,4,3,3,433,重要价值客户
16806,220,1,169.13,2,3,1,231,一般客户
16807,142,1,469.76,2,3,3,233,重要挽留客户
16816,149,1,47.24,2,3,1,231,一般客户
16823,227,1,358.38,2,3,3,233,重要挽留客户
16830,38,1,325.91,4,3,2,432,重要保持客户
16837,31,2,1041.14,4,4,4,444,重要价值客户
16839,35,1,466.84,4,3,3,433,重要价值客户
16842,302,1,520.5699999999999,1,3,3,133,重要挽留客户
16843,205,1,112.19999999999999,2,3,1,231,一般客户
16846,50,1,214.32,3,3,2,332,重要保持客户
16873,4,1,1854.83,4,3,4,434,重要价值客户
16875,67,2,1356.1200000000001,3,4,4,344,重要价值客户
16880,173,2,276.83,2,4,2,242,一般客户
16892,29,1,131.14,4,3,1,431,重要保持客户
16895,64,1,202.27,3,3,2,332,重要保持客户
16898,26,1,187.26,4,3,2,432,重要保持客户
16900,16,1,8.95,4,3,1,431,重要保持客户
16904,4,2,541.28,4,4,3,443,重要价值客户
16905,47,2,1427.13,3,4,4,344,重要价值客户
16910,52,1,268.77,3,3,2,332,重要保持客户
16912,67,1,32.85,3,3,1,331,重要保持客户
16915,248,2,166.79,1,4,1,141,一般客户
16917,276,1,391.52,1,3,3,133,重要挽留客户
16919,360,1,341.65999999999997,1,3,3,133,重要挽留客户
16923,12,1,505.76,4,3,3,433,重要价值客户
16928,94,1,199.29999999999998,3,3,2,332,重要保持客户
16929,155,1,229.14000000000001,2,3,2,232,一般客户
16945,31,2,407.24,4,4,3,443,重要价值客户
16947,235,1,406.48,1,3,3,133,重要挽留客户
16949,40,1,310.48,3,3,2,332,重要保持客户
16950,56,1,400.15,3,3,3,333,重要价值客户
16955,368,1,33.0,1,3,1,131,一般客户
16963,187,1,110.55000000000001,2,3,1,231,一般客户
16967,189,1,319.02,2,3,2,232,一般客户
16983,12,1,304.15999999999997,4,3,2,432,重要保持客户
16997,287,1,234.0,1,3,2,132,一般客户
17006,4,1,247.06,4,3,2,432,重要保持客户
17017,16,1,446.28,4,3,3,433,重要价值客户
17018,40,1,515.1,3,3,3,333,重要价值客户
17022,30,1,71.0,4,3,1,431,重要保持客户
17031,11,1,154.4,4,3,1,431,重要保持客户
17047,204,1,310.04,2,3,2,232,一般客户
17049,84,1,635.19,3,3,4,334,重要价值客户
17050,96,1,568.25,3,3,3,333,重要价值客户
17061,227,1,22.5,2,3,1,231,一般客户
17064,58,1,398.05,3,3,3,333,重要价值客户
17071,134,1,27.8,2,3,1,231,一般客户
17073,82,1,387.4,3,3,3,333,重要价值客户
17083,303,1,691.36,1,3,4,134,重要挽留客户
17086,24,1,338.15999999999997,4,3,3,433,重要价值客户
17090,227,1,187.04999999999998,2,3,2,232,一般客户
17091,185,1,585.84,2,3,3,233,重要挽留客户
17095,299,1,230.81,1,3,2,132,一般客户
17109,44,1,109.17000000000002,3,3,1,331,重要保持客户
17114,334,1,140.59,1,3,1,131,一般客户
17120,233,1,307.46,2,3,2,232,一般客户
17123,161,1,345.29999999999995,2,3,3,233,重要挽留客户
17126,152,1,411.77,2,3,3,233,重要挽留客户
17152,263,1,315.90000000000003,1,3,2,132,一般客户
17164,32,1,44.85,4,3,1,431,重要保持客户
17173,58,1,357.0,3,3,3,333,重要价值客户
17180,241,1,258.35,1,3,2,132,一般客户
17191,191,2,665.59,2,4,4,244,重要挽留客户
17218,70,2,566.1899999999999,3,4,3,343,重要价值客户
17231,12,1,448.07,4,3,3,433,重要价值客户
17238,275,1,227.32,1,3,2,132,一般客户
17293,8,2,444.47,4,4,3,443,重要价值客户
17295,28,1,120.53999999999999,4,3,1,431,重要保持客户
17306,99,2,1178.68,3,4,4,344,重要价值客户
17314,28,1,315.72,4,3,2,432,重要保持客户
17315,155,5,803.1,2,4,4,244,重要挽留客户
17330,22,1,99.0,4,3,1,431,重要保持客户
17337,250,1,459.5,1,3,3,133,重要挽留客户
17346,103,1,151.52,3,3,1,331,重要保持客户
17353,154,1,870.0,2,3,4,234,重要挽留客户
17361,186,1,218.92,2,3,2,232,一般客户
17365,50,1,877.71,3,3,4,334,重要价值客户
17370,92,1,117.36,3,3,1,331,重要保持客户
17372,60,1,156.61,3,3,1,331,重要保持客户
17375,312,1,176.66,1,3,1,131,一般客户
17377,23,1,102.79,4,3,1,431,重要保持客户
17388,77,1,306.53000000000003,3,3,2,332,重要保持客户
17389,36,3,8580.52,4,4,4,444,重要价值客户
17396,371,1,397.5,1,3,3,133,重要挽留客户
17397,22,1,298.78,4,3,2,432,重要保持客户
17402,233,1,212.5,2,3,2,232,一般客户
17410,215,1,302.4,2,3,2,232,一般客户
17414,184,1,598.0,2,3,3,233,重要挽留客户
17416,281,1,2114.71,1,3,4,134,重要挽留客户
17418,42,1,296.07,3,3,2,332,重要保持客户
17422,16,1,280.4,4,3,2,432,重要保持客户
17428,212,2,857.86,2,4,4,244,重要挽留客户
17434,16,1,313.52,4,3,2,432,重要保持客户
17449,234,1,300.09000000000003,1,3,2,132,一般客户
17450,8,3,38779.24,4,4,4,444,重要价值客户
17451,56,1,18.72,3,3,1,331,重要保持客户
17461,22,1,327.56,4,3,2,432,重要保持客户
17463,16,1,198.31,4,3,2,432,重要保持客户
17491,260,1,556.9399999999999,1,3,3,133,重要挽留客户
17502,9,1,300.5,4,3,2,432,重要保持客户
17507,308,1,340.56,1,3,3,133,重要挽留客户
17511,255,1,258.18,1,3,2,132,一般客户
17512,28,1,451.68,4,3,3,433,重要价值客户
17516,217,1,127.38,2,3,1,231,一般客户
17528,30,1,373.27,4,3,3,433,重要价值客户
17530,15,2,473.09,4,4,3,443,重要价值客户
17535,280,1,164.4,1,3,1,131,一般客户
17536,177,1,76.5,2,3,1,231,一般客户
17551,359,1,290.34,1,3,2,132,一般客户
17554,16,2,464.26,4,4,3,443,重要价值客户
17566,7,1,474.95,4,3,3,433,重要价值客户
17576,51,1,317.0,3,3,2,332,重要保持客户
17581,177,1,139.64,2,3,1,231,一般客户
17584,127,1,749.45,2,3,4,234,重要挽留客户
17585,338,1,417.81,1,3,3,133,重要挽留客户
17588,232,1,397.20000000000005,2,3,3,233,重要挽留客户
17591,122,1,213.6,3,3,2,332,重要保持客户
17602,324,1,767.0500000000001,1,3,4,134,重要挽留客户
17613,252,1,239.75,1,3,2,132,一般客户
17614,57,1,386.32,3,3,3,333,重要价值客户
17619,312,1,214.37,1,3,2,132,一般客户
17629,66,2,702.73,3,4,4,344,重要价值客户
17634,36,1,133.66,4,3,1,431,重要保持客户
17637,31,1,208.11,4,3,2,432,重要保持客户
17651,169,1,344.1,2,3,3,233,重要挽留客户
17652,233,1,409.94,2,3,3,233,重要挽留客户
17669,210,1,619.5,2,3,4,234,重要挽留客户
17675,21,1,1072.73,4,3,4,434,重要价值客户
17677,43,4,2909.38,3,4,4,344,重要价值客户
17686,302,1,1592.61,1,3,4,134,重要挽留客户
17703,109,1,261.82,3,3,2,332,重要保持客户
17705,3,1,218.0,4,3,2,432,重要保持客户
17716,94,1,25.200000000000003,3,3,1,331,重要保持客户
17719,233,1,469.19,2,3,3,233,重要挽留客户
17722,189,1,357.3,2,3,3,233,重要挽留客户
17723,126,2,954.3000000000001,2,4,4,244,重要挽留客户
17730,3,1,662.7,4,4,4,444,重要价值客户
17731,128,1,301.17,2,4,2,242,一般客户
17744,330,1,328.92,1,4,2,142,一般客户
17757,254,1,353.7,1,4,3,143,重要挽留客户
17761,32,1,712.78,4,4,4,444,重要价值客户
17769,278,1,506.35,1,4,3,143,重要挽留客户
17770,212,1,102.3,2,4,1,241,一般客户
17790,61,1,327.28000000000003,3,4,2,342,重要保持客户
17793,25,1,300.34,4,4,2,442,重要保持客户
17795,264,1,155.69,1,4,1,141,一般客户
17796,40,1,75.9,3,4,1,341,重要保持客户
17799,269,1,6.35,1,4,1,141,一般客户
17809,371,1,425.0,1,4,3,143,重要挽留客户
17811,199,2,336.32,2,4,3,243,重要挽留客户
17827,364,1,236.92,1,4,2,142,一般客户
17828,109,1,213.5,3,4,2,342,重要保持客户
17835,2,1,114.14,4,4,1,441,重要保持客户
17841,31,6,2163.84,4,4,4,444,重要价值客户
17844,106,1,51.559999999999995,3,4,1,341,重要保持客户
17846,85,1,2033.1,3,4,4,344,重要价值客户
17850,372,3,236.86,1,4,2,142,一般客户
17856,1,2,758.21,4,4,4,444,重要价值客户
17857,172,1,181.44,2,4,1,241,一般客户
17863,59,1,1032.7,3,4,4,344,重要价值客户
17884,3,1,104.53,4,4,1,441,重要保持客户
17890,322,1,123.88,1,4,1,141,一般客户
17894,352,1,135.34,1,4,1,141,一般客户
17898,85,1,52.22,3,4,1,341,重要保持客户
17905,373,1,200.5,1,4,2,142,一般客户
17913,58,1,190.6,3,4,2,342,重要保持客户
17917,362,1,107.16,1,4,1,141,一般客户
17920,52,1,251.88,3,4,2,342,重要保持客户
17949,121,4,2423.45,3,4,4,344,重要价值客户
17961,154,2,36.57,2,4,1,241,一般客户
17965,37,2,741.74,4,4,4,444,重要价值客户
17966,37,2,640.5,4,4,4,444,重要价值客户
17975,15,1,247.62,4,4,2,442,重要保持客户
17988,117,1,2.95,3,4,1,341,重要保持客户
17990,353,1,148.0,1,4,1,141,一般客户
17994,290,1,305.3,1,4,2,142,一般客户
18045,45,1,178.34,3,4,1,341,重要保持客户
18059,44,1,95.78,3,4,1,341,重要保持客户
18061,322,1,304.02,1,4,2,142,一般客户
18065,5,1,138.35,4,4,1,441,重要保持客户
18077,33,2,503.78,4,4,3,443,重要价值客户
18092,38,2,1803.3,4,4,4,444,重要价值客户
18094,81,2,615.0,3,4,4,344,重要价值客户
18102,78,3,7573.56,3,4,4,344,重要价值客户
18116,67,1,163.56,3,4,1,341,重要保持客户
18118,49,4,852.42,3,4,4,344,重要价值客户
18122,22,1,406.22,4,4,3,443,重要价值客户
18125,29,1,197.85,4,4,2,442,重要保持客户
18127,19,1,23.79,4,4,1,441,重要保持客户
18160,57,1,319.51,3,4,2,342,重要保持客户
18167,23,1,495.78000000000003,4,4,3,443,重要价值客户
18168,359,1,186.64000000000001,1,4,2,142,一般客户
18170,217,1,304.21,2,4,2,242,一般客户
18176,358,1,476.35,1,4,3,143,重要挽留客户
18188,77,1,1181.68,3,4,4,344,重要价值客户
18198,310,1,303.56,1,4,2,142,一般客户
18202,199,1,747.24,2,4,4,244,重要挽留客户
18210,9,1,441.04,4,4,3,443,重要价值客户
18211,136,1,130.79999999999998,2,4,1,241,一般客户
18219,168,1,68.5,2,4,1,241,一般客户
18223,65,2,951.7,3,4,4,344,重要价值客户
18225,262,2,879.11,1,4,4,144,重要挽留客户
18226,226,1,720.92,2,4,4,244,重要挽留客户
18229,147,1,322.2,2,4,2,242,一般客户
18231,240,1,429.25,1,4,3,143,重要挽留客户
18233,325,1,440.0,1,4,3,143,重要挽留客户
18235,71,1,1046.68,3,4,4,344,重要价值客户
18241,49,1,54.6,3,4,1,341,重要保持客户
18251,87,1,4314.72,3,4,4,344,重要价值客户
18252,171,1,69.89999999999999,2,4,1,241,一般客户
18257,67,1,517.53,3,4,3,343,重要价值客户
