前件,后件,支持度,置信度,提升度
WOODEN STAR CHRISTMAS SCANDINAVIAN,WOODEN HEART CHRISTMAS SCANDINAVIAN,0.02072538860103627,0.6896551724137931,24.648786717752238
WOODEN HEART CHRISTMAS SCANDINAVIAN,WOODEN STAR CHRISTMAS SCANDINAVIAN,0.02072538860103627,0.7407407407407407,24.648786717752234
GARDENERS KNEELING PAD CUP OF TEA ,GARDENERS KNEELING PAD KEEP CALM ,0.025906735751295335,0.8928571428571428,23.933531746031747
GARDENERS KNEELING PAD KEEP CALM ,GARDENERS KNEELING PAD CUP OF TEA ,0.025906735751295335,0.6944444444444444,23.933531746031743
DOLLY GIRL LUNCH BOX,SPACEBOY LUNCH BOX ,0.02383419689119171,0.696969696969697,21.69599217986315
SPACEBOY LUNCH BOX ,DOLLY GIRL LUNCH BOX,0.02383419689119171,0.7419354838709677,21.69599217986315
GREEN REGENCY TEACUP AND SAUCER + ROSES REGENCY TEACUP AND SAUCER ,PINK REGENCY TEACUP AND SAUCER,0.027979274611398965,0.675,21.01209677419355
PINK REGENCY TEACUP AND SAUCER,GREEN REGENCY TEACUP AND SAUCER + ROSES REGENCY TEACUP AND SAUCER ,0.027979274611398965,0.8709677419354839,21.012096774193548
GREEN REGENCY TEACUP AND SAUCER,PINK REGENCY TEACUP AND SAUCER + ROSES REGENCY TEACUP AND SAUCER ,0.027979274611398965,0.5869565217391305,19.531484257871067
PINK REGENCY TEACUP AND SAUCER + ROSES REGENCY TEACUP AND SAUCER ,GREEN REGENCY TEACUP AND SAUCER,0.027979274611398965,0.9310344827586208,19.531484257871067
GREEN REGENCY TEACUP AND SAUCER + PINK REGENCY TEACUP AND SAUCER,ROSES REGENCY TEACUP AND SAUCER ,0.027979274611398965,0.9642857142857143,18.990524781341108
ROSES REGENCY TEACUP AND SAUCER ,GREEN REGENCY TEACUP AND SAUCER + PINK REGENCY TEACUP AND SAUCER,0.027979274611398965,0.5510204081632654,18.990524781341108
PINK REGENCY TEACUP AND SAUCER,GREEN REGENCY TEACUP AND SAUCER,0.029015544041450778,0.903225806451613,18.94810659186536
GREEN REGENCY TEACUP AND SAUCER,PINK REGENCY TEACUP AND SAUCER,0.029015544041450778,0.6086956521739131,18.948106591865358
GREEN REGENCY TEACUP AND SAUCER + REGENCY CAKESTAND 3 TIER,ROSES REGENCY TEACUP AND SAUCER ,0.025906735751295335,0.9615384615384615,18.936420722135008
